,ENV_NAME,gravity,orig_episode,orig_end_time_index
0,LunarLanderContinuous-v2,-9.0,3,170
1,LunarLanderContinuous-v2,-9.0,3,250
2,LunarLanderContinuous-v2,-9.0,1,50
3,LunarLanderContinuous-v2,-9.0,0,50
4,LunarLanderContinuous-v2,-9.0,3,230
5,LunarLanderContinuous-v2,-9.0,0,30
6,LunarLanderContinuous-v2,-9.0,3,150
7,LunarLanderContinuous-v2,-9.0,3,130
8,LunarLanderContinuous-v2,-9.0,2,30
9,LunarLanderContinuous-v2,-9.0,0,70
10,LunarLanderContinuous-v2,-9.0,3,190
11,LunarLanderContinuous-v2,-9.0,4,50
