,ENV_NAME,patient_type,patient_id,orig_episode,orig_end_time_index,start_state_this_seg
0,simglucose-adult7-v0,adult,7,2,370,77.07540520220016
1,simglucose-adult7-v0,adult,7,0,2970,78.23473205361074
2,simglucose-adult7-v0,adult,7,2,30,131.49659993631684
3,simglucose-adult7-v0,adult,7,0,3770,101.3470520123669
4,simglucose-adult7-v0,adult,7,2,5590,159.08934664838415
5,simglucose-adult7-v0,adult,7,0,1770,218.0450175067125
6,simglucose-adult8-v0,adult,8,0,9170,80.30434617260367
7,simglucose-adult8-v0,adult,8,0,3450,75.05452930199921
8,simglucose-adult8-v0,adult,8,0,1430,134.00497513331146
9,simglucose-adult8-v0,adult,8,0,1350,131.74407618497455
10,simglucose-adult8-v0,adult,8,0,2530,173.00928870732645
11,simglucose-adult8-v0,adult,8,0,7130,163.66552600596452
12,simglucose-adult9-v0,adult,9,0,3810,85.77751056037671
13,simglucose-adult9-v0,adult,9,0,2790,91.80653426691065
14,simglucose-adult9-v0,adult,9,0,9530,145.85117195706073
15,simglucose-adult9-v0,adult,9,0,3170,137.20357810098153
16,simglucose-adult9-v0,adult,9,0,2070,161.86504856430673
17,simglucose-adult9-v0,adult,9,0,6230,150.80545644409483
