,ENV_NAME,patient_type,patient_id,orig_episode,orig_end_time_index,start_state_this_seg
0,simglucose-adult7-v0,adult,7,17,110,81.13170199528466
1,simglucose-adult7-v0,adult,7,11,130,73.17736039440257
2,simglucose-adult7-v0,adult,7,10,130,77.5073796638797
3,simglucose-adult7-v0,adult,7,4,90,98.00693757227808
4,simglucose-adult7-v0,adult,7,17,70,68.41649376977855
5,simglucose-adult7-v0,adult,7,3,110,75.08155073450503
6,simglucose-adult7-v0,adult,7,4,170,115.33578813885832
7,simglucose-adult7-v0,adult,7,5,230,116.2134548151943
8,simglucose-adult7-v0,adult,7,5,70,145.46660138191183
9,simglucose-adult7-v0,adult,7,3,70,140.66280111368877
10,simglucose-adult7-v0,adult,7,2,50,143.18749209686746
11,simglucose-adult7-v0,adult,7,18,30,126.16896781470027
12,simglucose-adult7-v0,adult,7,6,170,207.5234270440249
13,simglucose-adult7-v0,adult,7,3,430,181.9853075412281
14,simglucose-adult7-v0,adult,7,2,110,180.53460347259045
15,simglucose-adult7-v0,adult,7,18,90,232.3193931622585
16,simglucose-adult7-v0,adult,7,8,150,171.2081180505245
17,simglucose-adult7-v0,adult,7,2,210,212.1921207079015
